<application>
  <component name="libraryTable">
    <library name="Python 3.7.3 interpreter library">
      <CLASSES>
        <root url="file://$USER_HOME$/Code/rapyd/reconciliation_engine/src/reconciliation-services" />
        <root url="file://$USER_HOME$/Code/rapyd/reconciliation_engine/src/reconciliation-reports-generator" />
        <root url="file://$USER_HOME$/Library/Caches/IntelliJIdea2019.3/python_stubs/-885910402" />
        <root url="file://$APPLICATION_PLUGINS_DIR$/python/helpers/python-skeletons" />
        <root url="file://$APPLICATION_PLUGINS_DIR$/python/helpers/typeshed/stdlib/3" />
        <root url="file://$APPLICATION_PLUGINS_DIR$/python/helpers/typeshed/stdlib/2and3" />
        <root url="file://$APPLICATION_PLUGINS_DIR$/python/helpers/typeshed/third_party/3" />
        <root url="file://$APPLICATION_PLUGINS_DIR$/python/helpers/typeshed/third_party/2and3" />
      </CLASSES>
      <JAVADOC />
      <SOURCES>
        <root url="file://$USER_HOME$/Code/rapyd/reconciliation_engine/src/reconciliation-services" />
        <root url="file://$USER_HOME$/Code/rapyd/reconciliation_engine/src/reconciliation-reports-generator" />
        <root url="file://$USER_HOME$/Library/Caches/IntelliJIdea2019.3/python_stubs/-885910402" />
        <root url="file://$APPLICATION_PLUGINS_DIR$/python/helpers/python-skeletons" />
        <root url="file://$APPLICATION_PLUGINS_DIR$/python/helpers/typeshed/stdlib/3" />
        <root url="file://$APPLICATION_PLUGINS_DIR$/python/helpers/typeshed/stdlib/2and3" />
        <root url="file://$APPLICATION_PLUGINS_DIR$/python/helpers/typeshed/third_party/3" />
        <root url="file://$APPLICATION_PLUGINS_DIR$/python/helpers/typeshed/third_party/2and3" />
      </SOURCES>
    </library>
  </component>
</application>