<application>
  <component name="CodeFoldingSettings">
    <option name="COLLAPSE_DOC_COMMENTS" value="true" />
    <option name="COLLAPSE_CUSTOM_FOLDING_REGIONS" value="true" />
  </component>
  <component name="CodeInsightSettings">
    <option name="SHOW_PARAMETER_NAME_HINTS_ON_COMPLETION" value="true" />
    <option name="PARAMETER_INFO_DELAY" value="0" />
    <option name="AUTO_POPUP_JAVADOC_INFO" value="true" />
    <option name="COMPLETION_CASE_SENSITIVE" value="2" />
    <option name="SHOW_FULL_SIGNATURES_IN_PARAMETER_INFO" value="true" />
    <option name="REFORMAT_ON_PASTE" value="1" />
    <option name="INDENT_TO_CARET_ON_PASTE" value="true" />
    <option name="HIGHLIGHT_SCOPE" value="true" />
  </component>
  <component name="DaemonCodeAnalyzerSettings">
    <option name="AUTOREPARSE_DELAY" value="50" />
    <option name="SHOW_METHOD_SEPARATORS" value="true" />
  </component>
  <component name="DefaultFont">
    <option name="FONT_SIZE" value="15" />
    <option name="FONT_FAMILY" value="MesloLGS NF" />
  </component>
  <component name="EditorSettings">
    <option name="USE_SOFT_WRAPS" value="MAIN_EDITOR:CONSOLE" />
    <option name="SOFT_WRAP_FILE_MASKS" value="*.md; *.txt; *.rst; *.adoc; *.json" />
    <option name="USE_CUSTOM_SOFT_WRAP_INDENT" value="true" />
    <option name="IS_CARET_INSIDE_TABS" value="true" />
    <option name="STRIP_TRAILING_SPACES" value="Whole" />
    <option name="IS_ENSURE_NEWLINE_AT_EOF" value="true" />
    <option name="SHOW_QUICK_DOC_ON_MOUSE_OVER_ELEMENT" value="true" />
    <option name="CARET_BLINKING_PERIOD" value="400" />
    <option name="IS_RIGHT_MARGIN_SHOWN" value="false" />
    <option name="ARE_GUTTER_ICONS_SHOWN" value="false" />
    <option name="IS_FOLDING_OUTLINE_SHOWN" value="false" />
    <option name="SHOW_BREADCRUMBS_ABOVE" value="true" />
    <option name="SHOW_BREADCRUMBS" value="false" />
    <option name="IS_ANIMATED_SCROLLING" value="false" />
    <option name="IS_DND_ENABLED" value="false" />
    <option name="IS_WHEEL_FONTCHANGE_ENABLED" value="true" />
  </component>
  <component name="JsonEditorOptions">
    <option name="COLON_MOVE_OUTSIDE_QUOTES" value="true" />
    <option name="COMMA_MOVE_OUTSIDE_QUOTES" value="true" />
  </component>
  <component name="PythonFoldingSettings">
    <option name="COLLAPSE_LONG_STRINGS" value="true" />
    <option name="COLLAPSE_SEQUENTIAL_COMMENTS" value="true" />
  </component>
  <component name="TodoConfiguration">
    <pattern pattern="\b(todo|fixme)\b.*" />
    <pattern useCustomColors="true" case-sensitive="true" pattern="[]{1}GOOD.*$">
      <option name="FOREGROUND" value="547854" />
      <option name="FONT_TYPE" value="2" />
    </pattern>
  </component>
</application>