<application>
  <component name="AppInspectionProfilesVisibleTreeState">
    <entry key="Default">
      <profile-state>
        <expanded-state>
          <State />
          <State>
            <id>General</id>
          </State>
          <State>
            <id>Python</id>
          </State>
        </expanded-state>
        <selected-state>
          <State>
            <id>Spelling</id>
          </State>
        </selected-state>
      </profile-state>
    </entry>
  </component>
  <component name="NotRoamableUiSettings">
    <option name="fontFace" value="MesloLGS NF" />
    <option name="fontScale" value="1.0" />
    <option name="fontSize" value="15" />
  </component>
  <component name="PropertiesComponent">
    <property name="AFTER.DISTRACTION.MODE.ARE_GUTTER_ICONS_SHOWN" value="false" />
    <property name="AFTER.DISTRACTION.MODE.ARE_LINE_NUMBERS_SHOWN" value="false" />
    <property name="AFTER.DISTRACTION.MODE.EDITOR_TAB_PLACEMENT" value="0" />
    <property name="AFTER.DISTRACTION.MODE.HIDE_TOOL_STRIPES" value="false" />
    <property name="AFTER.DISTRACTION.MODE.IS_FOLDING_OUTLINE_SHOWN" value="false" />
    <property name="AFTER.DISTRACTION.MODE.IS_INDENT_GUIDES_SHOWN" value="false" />
    <property name="AFTER.DISTRACTION.MODE.IS_RIGHT_MARGIN_SHOWN" value="false" />
    <property name="AFTER.DISTRACTION.MODE.IS_WHITESPACES_SHOWN" value="false" />
    <property name="AFTER.DISTRACTION.MODE.SHOW_BREADCRUMBS" value="false" />
    <property name="AFTER.DISTRACTION.MODE.SHOW_MAIN_TOOLBAR" value="true" />
    <property name="AFTER.DISTRACTION.MODE.SHOW_METHOD_SEPARATORS" value="false" />
    <property name="AFTER.DISTRACTION.MODE.SHOW_NAVIGATION_BAR" value="true" />
    <property name="AFTER.DISTRACTION.MODE.SHOW_STATUS_BAR" value="true" />
    <property name="BEFORE.DISTRACTION.MODE.ARE_GUTTER_ICONS_SHOWN" value="false" />
    <property name="BEFORE.DISTRACTION.MODE.ARE_LINE_NUMBERS_SHOWN" value="true" />
    <property name="BEFORE.DISTRACTION.MODE.EDITOR_TAB_PLACEMENT" value="1" />
    <property name="BEFORE.DISTRACTION.MODE.HIDE_TOOL_STRIPES" value="true" />
    <property name="BEFORE.DISTRACTION.MODE.IS_FOLDING_OUTLINE_SHOWN" value="false" />
    <property name="BEFORE.DISTRACTION.MODE.IS_INDENT_GUIDES_SHOWN" value="true" />
    <property name="BEFORE.DISTRACTION.MODE.IS_RIGHT_MARGIN_SHOWN" value="true" />
    <property name="BEFORE.DISTRACTION.MODE.IS_WHITESPACES_SHOWN" value="false" />
    <property name="BEFORE.DISTRACTION.MODE.SHOW_BREADCRUMBS" value="true" />
    <property name="BEFORE.DISTRACTION.MODE.SHOW_MAIN_TOOLBAR" value="false" />
    <property name="BEFORE.DISTRACTION.MODE.SHOW_METHOD_SEPARATORS" value="true" />
    <property name="BEFORE.DISTRACTION.MODE.SHOW_NAVIGATION_BAR" value="false" />
    <property name="BEFORE.DISTRACTION.MODE.SHOW_STATUS_BAR" value="false" />
    <property name="ColorChooser.RecentColors" value="209-36-59-255,,,98-192-37-255,,,82-165-35-255,,,84-175-35-255,,,107-204-38-255,,,114-214-39-255,,,51-106-188-255,,,135-198-169-255,,,121-198-122-255,,,68-160-63-255,,,40-160-37-255,,,95-160-89-255,,,111-160-112-255,,,118-170-119-255,,,124-178-125-255,,,85-178-83-255,,,105-178-104-255,,,101-171-100-255,,,103-175-102-255,,,84-120-84-255" />
    <property name="Copy.OpenInEditor" value="true" />
    <property name="ExpandBeforeRunStepsPanel" value="true" />
    <property name="ExpandRunDashboardTypesPanel" value="false" />
    <property name="FileTemplates.SelectedTemplate" value="HTML File" />
    <property name="InstalledPluginsSearchHistory" value="ace&#10;keymap&#10;keym&#10;/disabled&#10;live coding" />
    <property name="KEYMAP" value="new&#10;open&#10;close t&#10;aceju&#10;acej" />
    <property name="MarketplacePluginsSearchHistory" value="acejump&#10;sql&#10;live coding&#10;deep&#10;interp" />
    <property name="PluginConfigurable.selectionTab" value="1" />
    <property name="ProjectStructure.TopLevelElements" value="0.1683434" />
    <property name="SettingsSearchHistory" value="keym&#10;python deb&#10;debugger&#10;plugins&#10;keymap" />
    <property name="SingleInspectionProfilePanel.VERTICAL_DIVIDER_PROPORTION" value="0.6515581" />
    <property name="ask.about.ctrl.y.shortcut" value="true" />
    <property name="com.intellij.xdebugger.impl.breakpoints.ui.BreakpointsDialogFactory$2.splitter" value="0.43028623" />
    <property name="defaultJdkConfigured" value="true" />
    <property name="evlsprt3.193" value="17" />
    <property name="file.gist.reindex.count" value="12613" />
    <property name="ide.memory.adjusted" value="true" />
    <property name="installed.kotlin.plugin.version" value="1.3.61-release-IJ2019.3-1" />
    <property name="is_menu_visible" value="true" />
    <property name="jdk.selected.JAVA_MODULE" value="11" />
    <property name="kotlin.plugin.releaseDate" value="1.3.61-release-IJ2019.3-1:2019-11-26" />
    <property name="last.imported.location" value="$USER_HOME$/Code/rapyd/reconciliation_services" />
    <property name="lastTip" value="36" />
    <property name="project.wizard.group" value="JAVA_MODULE" />
    <property name="project.wizard.template" value="Empty Project" />
    <property name="rainbow.selected.color.option.name" value="Angle Brackets" />
    <property name="selected.color.option.type" value="DOUBLE_QUOTE_ATTR" />
    <property name="settings.code.style.selected.tab.Python" value="Wrapping and Braces" />
  </component>
  <component name="PyCodeInsightSettings">
    <option name="INSERT_TYPE_DOCSTUB" value="true" />
  </component>
  <component name="TabdirConfiguration">
    <option name="charsInName" value="5" />
    <option name="countMaxDirsFromStart" value="false" />
    <option name="dirSeparator" value="." />
    <option name="filesExtensions" value="" />
    <option name="maxDirsToShow" value="3" />
    <option name="projectConfigEnabled" value="false" />
    <option name="reduceDirNames" value="false" />
    <option name="relativeTo" />
    <option name="removeDuplicates" value="false" />
    <option name="titleFormat" value="[{0}] {1}" />
    <option name="useExtensions" value="Do not use" />
  </component>
</application>