<?xml version="1.0" encoding="UTF-8"?>
<doublecmd DCVersion="0.9.6 beta" ConfigVersion="10">
  <Toolbars>
    <MainToolbar>
      <Row>
        <Command>
          <ID>{8F0214AA-F1F9-0431-FCFF-E21F6E84B1EB}</ID>
          <Icon>cm_refresh</Icon>
          <Command>cm_Refresh</Command>
        </Command>
        <Command>
          <ID>{BBE09058-2971-DBA8-2C5F-F04580DDACD4}</ID>
          <Icon>cm_runterm</Icon>
          <Command>cm_RunTerm</Command>
        </Command>
        <Command>
          <ID>{93390E94-945D-D8B8-06AF-DCFC96401D01}</ID>
          <Icon>cm_options</Icon>
          <Command>cm_Options</Command>
        </Command>
        <Separator/>
        <Command>
          <ID>{A25661D5-2F16-9739-F0EA-F195ADF8D047}</ID>
          <Icon>cm_briefview</Icon>
          <Command>cm_BriefView</Command>
        </Command>
        <Command>
          <ID>{7B4D7569-323B-120A-A0E6-A7DD767FAA67}</ID>
          <Icon>cm_columnsview</Icon>
          <Command>cm_ColumnsView</Command>
        </Command>
        <Command>
          <ID>{FF5291E4-1EDA-3160-E0E4-8ADD44653824}</ID>
          <Icon>cm_thumbnailsview</Icon>
          <Command>cm_ThumbnailsView</Command>
        </Command>
        <Separator/>
        <Command>
          <ID>{9C9175BB-93AC-5313-F0AB-1555D646425B}</ID>
          <Icon>cm_flatview</Icon>
          <Command>cm_FlatView</Command>
        </Command>
        <Separator/>
        <Command>
          <ID>{03928A9E-4A24-9B03-4584-55842731D9CF}</ID>
          <Icon>cm_viewhistoryprev</Icon>
          <Command>cm_ViewHistoryPrev</Command>
        </Command>
        <Command>
          <ID>{4F1F324A-DFAE-1C44-4FDF-0684B01A8EAC}</ID>
          <Icon>cm_viewhistorynext</Icon>
          <Command>cm_ViewHistoryNext</Command>
        </Command>
        <Separator/>
        <Command>
          <ID>{FFABEDFC-7834-9454-23F8-ED41DA87769A}</ID>
          <Icon>cm_markplus</Icon>
          <Command>cm_MarkPlus</Command>
        </Command>
        <Command>
          <ID>{261489F3-1DDF-DE73-6190-7A702294021D}</ID>
          <Icon>cm_markminus</Icon>
          <Command>cm_MarkMinus</Command>
        </Command>
        <Command>
          <ID>{6C0CA6B1-54E0-C90B-B6FA-BA23F30FA394}</ID>
          <Icon>cm_markinvert</Icon>
          <Command>cm_MarkInvert</Command>
        </Command>
        <Separator/>
        <Command>
          <ID>{19F00417-6F47-7DA4-FA64-93C92050E053}</ID>
          <Icon>cm_packfiles</Icon>
          <Command>cm_PackFiles</Command>
        </Command>
        <Command>
          <ID>{DA7AC496-B482-4A8F-5372-F2E1BCB7624E}</ID>
          <Icon>cm_extractfiles</Icon>
          <Command>cm_ExtractFiles</Command>
        </Command>
        <Separator/>
        <Command>
          <ID>{A7425E5B-23C3-F44C-11E3-F0D3090F86A1}</ID>
          <Icon>cm_search</Icon>
          <Command>cm_Search</Command>
        </Command>
        <Command>
          <ID>{6A66CADB-3B0D-0DCC-BFE6-EDEA81865DAA}</ID>
          <Icon>cm_multirename</Icon>
          <Command>cm_MultiRename</Command>
        </Command>
        <Command>
          <ID>{4EA968FB-800A-AABC-B232-C2F6272090CB}</ID>
          <Icon>cm_syncdirs</Icon>
          <Command>cm_SyncDirs</Command>
        </Command>
        <Command>
          <ID>{040920BF-21E1-12FD-60A0-4765952FCA73}</ID>
          <Icon>cm_copyfullnamestoclip</Icon>
          <Command>cm_CopyFullNamesToClip</Command>
        </Command>
      </Row>
    </MainToolbar>
  </Toolbars>
  <MainWindow>
    <Position Save="True">
      <Maximized>True</Maximized>
      <Splitter>50</Splitter>
    </Position>
  </MainWindow>
  <Tabs>
    <OpenedTabs>
      <Left>
        <ActiveTab>0</ActiveTab>
        <Tab>
          <FileView Type="columns">
            <History>
              <Entry Active="True">
                <FileSource Type="FileSystem"/>
                <Paths>
                  <Path Filename="..">/private/var/folders/vr/bbs031pd3tl7flqwd_t1ydwm0000gn/T/AppTranslocation/83DE4FA8-8E3F-4A93-A3A6-7C260651E3B2/d/Double Commander.app/Contents/MacOS/</Path>
                  <Path Filename="..">/private/var/folders/vr/bbs031pd3tl7flqwd_t1ydwm0000gn/T/AppTranslocation/</Path>
                  <Path Filename="AppTranslocation">/private/var/folders/vr/bbs031pd3tl7flqwd_t1ydwm0000gn/T/</Path>
                </Paths>
              </Entry>
            </History>
            <ColumnsView>
              <ColumnsSet>Default</ColumnsSet>
            </ColumnsView>
          </FileView>
        </Tab>
      </Left>
      <Right>
        <ActiveTab>0</ActiveTab>
        <Tab>
          <FileView Type="columns">
            <History>
              <Entry Active="True">
                <FileSource Type="FileSystem"/>
                <Paths>
                  <Path Filename="..">/private/var/folders/vr/bbs031pd3tl7flqwd_t1ydwm0000gn/T/AppTranslocation/83DE4FA8-8E3F-4A93-A3A6-7C260651E3B2/d/Double Commander.app/Contents/MacOS/</Path>
                  <Path Filename="..">/private/var/folders/vr/bbs031pd3tl7flqwd_t1ydwm0000gn/T/AppTranslocation/</Path>
                </Paths>
              </Entry>
            </History>
            <ColumnsView>
              <ColumnsSet>Default</ColumnsSet>
            </ColumnsView>
          </FileView>
        </Tab>
      </Right>
    </OpenedTabs>
    <Options>54033</Options>
    <CharacterLimit>32</CharacterLimit>
    <Position>0</Position>
    <ActionOnDoubleClick>2</ActionOnDoubleClick>
  </Tabs>
  <Configuration Save="True" SortOrder="1" TreeType="0">
    <UseConfigInProgramDir>False</UseConfigInProgramDir>
    <FolderTabs Save="True"/>
  </Configuration>
  <Language>
    <POFileName>doublecmd..po</POFileName>
  </Language>
  <Behaviours>
    <GoToRoot>False</GoToRoot>
    <ActiveRight>False</ActiveRight>
    <RunInTerminalStayOpenCmd>%COMMANDER_PATH%/scripts/terminal.sh</RunInTerminalStayOpenCmd>
    <RunInTerminalStayOpenParams>'{command}'</RunInTerminalStayOpenParams>
    <RunInTerminalCloseCmd/>
    <RunInTerminalCloseParams/>
    <JustRunTerminal>/Applications/Utilities/Terminal.app %D</JustRunTerminal>
    <JustRunTermParams/>
    <OnlyOneAppInstance>False</OnlyOneAppInstance>
    <LynxLike>True</LynxLike>
    <FileSizeFormat>0</FileSizeFormat>
    <OperationSizeFormat>0</OperationSizeFormat>
    <HeaderFooterSizeFormat>0</HeaderFooterSizeFormat>
    <FileSizeDigits>1</FileSizeDigits>
    <HeaderFooterDigits>1</HeaderFooterDigits>
    <OperationSizeDigits>1</OperationSizeDigits>
    <PersonalizedByte>B</PersonalizedByte>
    <PersonalizedKilo>KB</PersonalizedKilo>
    <PersonalizedMega>MB</PersonalizedMega>
    <PersonalizedGiga>GB</PersonalizedGiga>
    <PersonalizedTera>TB</PersonalizedTera>
    <MinimizeToTray>False</MinimizeToTray>
    <AlwaysShowTrayIcon>False</AlwaysShowTrayIcon>
    <Mouse>
      <Selection Enabled="True">
        <Button>0</Button>
        <IconClick>0</IconClick>
      </Selection>
      <SingleClickStart>0</SingleClickStart>
      <ScrollMode>1</ScrollMode>
      <WheelScrollLines>3</WheelScrollLines>
    </Mouse>
    <AutoFillColumns>False</AutoFillColumns>
    <AutoSizeColumn>1</AutoSizeColumn>
    <CustomColumnsChangeAllColumns>False</CustomColumnsChangeAllColumns>
    <BriefViewFileExtAligned>False</BriefViewFileExtAligned>
    <DateTimeFormat>mm/dd/yy hh:nn:ss</DateTimeFormat>
    <CutTextToColumnWidth>True</CutTextToColumnWidth>
    <ExtendCellWidth>False</ExtendCellWidth>
    <ShowSystemFiles>False</ShowSystemFiles>
    <ListFilesInThread>True</ListFilesInThread>
    <LoadIconsSeparately>True</LoadIconsSeparately>
    <DelayLoadingTabs>True</DelayLoadingTabs>
    <HighlightUpdatedFiles>True</HighlightUpdatedFiles>
    <DriveBlackList/>
    <DriveBlackListUnmounted>False</DriveBlackListUnmounted>
  </Behaviours>
  <Tools>
    <Viewer Enabled="False">
      <Path/>
      <Parameters/>
      <RunInTerminal>False</RunInTerminal>
      <KeepTerminalOpen>False</KeepTerminalOpen>
    </Viewer>
    <Editor Enabled="False">
      <Path/>
      <Parameters/>
      <RunInTerminal>False</RunInTerminal>
      <KeepTerminalOpen>False</KeepTerminalOpen>
    </Editor>
    <Differ Enabled="False">
      <Path/>
      <Parameters/>
      <RunInTerminal>False</RunInTerminal>
      <KeepTerminalOpen>False</KeepTerminalOpen>
      <FramePosAfterComp>0</FramePosAfterComp>
    </Differ>
  </Tools>
  <Fonts>
    <Main>
      <Name>default</Name>
      <Size>10</Size>
      <Style>1</Style>
      <Quality>0</Quality>
    </Main>
    <Editor>
      <Name>Monaco</Name>
      <Size>14</Size>
      <Style>0</Style>
      <Quality>0</Quality>
    </Editor>
    <Viewer>
      <Name>Monaco</Name>
      <Size>14</Size>
      <Style>0</Style>
      <Quality>0</Quality>
    </Viewer>
    <OptionsTree>
      <Name>default</Name>
      <Size>10</Size>
      <Style>0</Style>
      <Quality>0</Quality>
    </OptionsTree>
    <OptionsMain>
      <Name>default</Name>
      <Size>10</Size>
      <Style>0</Style>
      <Quality>0</Quality>
    </OptionsMain>
    <SearchResults>
      <Name>default</Name>
      <Size>14</Size>
      <Style>0</Style>
      <Quality>0</Quality>
    </SearchResults>
    <PathEdit>
      <Name>default</Name>
      <Size>8</Size>
      <Style>0</Style>
      <Quality>0</Quality>
    </PathEdit>
    <FunctionButtons>
      <Name>default</Name>
      <Size>8</Size>
      <Style>0</Style>
      <Quality>0</Quality>
    </FunctionButtons>
    <Log>
      <Name>Monaco</Name>
      <Size>12</Size>
      <Style>0</Style>
      <Quality>0</Quality>
    </Log>
    <ViewerBook>
      <Name>default</Name>
      <Size>16</Size>
      <Style>1</Style>
      <Quality>0</Quality>
    </ViewerBook>
    <Console>
      <Name>Monaco</Name>
      <Size>12</Size>
      <Style>0</Style>
      <Quality>0</Quality>
    </Console>
  </Fonts>
  <Colors>
    <UseCursorBorder>False</UseCursorBorder>
    <CursorBorderColor>-2147483635</CursorBorderColor>
    <UseFrameCursor>False</UseFrameCursor>
    <Foreground>-2147483640</Foreground>
    <Background>-2147483643</Background>
    <Background2>-2147483643</Background2>
    <Cursor>-2147483635</Cursor>
    <CursorText>-2147483634</CursorText>
    <Mark>255</Mark>
    <InactiveCursor>-2147483645</InactiveCursor>
    <InactiveMark>128</InactiveMark>
    <UseInvertedSelection>False</UseInvertedSelection>
    <UseInactiveSelColor>False</UseInactiveSelColor>
    <AllowOverColor>True</AllowOverColor>
    <gBorderFrameWidth>1</gBorderFrameWidth>
    <InactivePanelBrightness>100</InactivePanelBrightness>
    <FreeSpaceIndicator>
      <UseGradient>True</UseGradient>
      <ForeColor>0</ForeColor>
      <BackColor>16777215</BackColor>
    </FreeSpaceIndicator>
    <LogWindow>
      <Info>8388608</Info>
      <Error>255</Error>
      <Success>32768</Success>
    </LogWindow>
    <FileFilters/>
  </Colors>
  <ToolTips>
    <ShowToolTipMode>True</ShowToolTipMode>
    <ActualToolTipMode>0</ActualToolTipMode>
    <ToolTipHideTimeOut>0</ToolTipHideTimeOut>
    <CustomFields/>
  </ToolTips>
  <Layout>
    <MainMenu>True</MainMenu>
    <ButtonBar Enabled="True">
      <FlatIcons>True</FlatIcons>
      <ButtonHeight>24</ButtonHeight>
      <IconSize>16</IconSize>
      <ReportErrorWithCommands>False</ReportErrorWithCommands>
    </ButtonBar>
    <DriveBar1>True</DriveBar1>
    <DriveBar2>True</DriveBar2>
    <DriveBarFlat>True</DriveBarFlat>
    <DrivesListButton Enabled="True">
      <ShowLabel>True</ShowLabel>
      <ShowFileSystem>True</ShowFileSystem>
      <ShowFreeSpace>True</ShowFreeSpace>
    </DrivesListButton>
    <SeparateTree>False</SeparateTree>
    <DirectoryTabs>True</DirectoryTabs>
    <CurrentDirectory>True</CurrentDirectory>
    <TabHeader>True</TabHeader>
    <StatusBar>True</StatusBar>
    <CmdLine>True</CmdLine>
    <LogWindow>False</LogWindow>
    <TermWindow>False</TermWindow>
    <KeyButtons>True</KeyButtons>
    <InterfaceFlat>True</InterfaceFlat>
    <DriveFreeSpace>True</DriveFreeSpace>
    <DriveIndicator>False</DriveIndicator>
    <ProgressInMenuBar>False</ProgressInMenuBar>
    <PanelOfOperationsInBackground>True</PanelOfOperationsInBackground>
    <HorizontalFilePanels>False</HorizontalFilePanels>
    <ShortFormatDriveInfo>True</ShortFormatDriveInfo>
  </Layout>
  <FilesViews>
    <Sorting>
      <CaseSensitivity>0</CaseSensitivity>
      <NaturalSorting>False</NaturalSorting>
      <SortFolderMode>0</SortFolderMode>
      <NewFilesPosition>2</NewFilesPosition>
      <UpdatedFilesPosition>2</UpdatedFilesPosition>
    </Sorting>
    <ColumnsView>
      <AutoSaveWidth>True</AutoSaveWidth>
      <TitleStyle>1</TitleStyle>
    </ColumnsView>
    <BriefView>
      <FileExtAligned>False</FileExtAligned>
      <Columns>
        <FixedWidth>100</FixedWidth>
        <FixedCount>2</FixedCount>
        <AutoSize>2</AutoSize>
      </Columns>
    </BriefView>
    <ExtraLineSpan>2</ExtraLineSpan>
  </FilesViews>
  <Keyboard>
    <Typing>
      <Actions>
        <NoModifier>2</NoModifier>
        <Alt>0</Alt>
        <CtrlAlt>3</CtrlAlt>
      </Actions>
    </Typing>
  </Keyboard>
  <FileOperations>
    <BufferSize>524288</BufferSize>
    <HashBufferSize>8388608</HashBufferSize>
    <UseMmapInSearch>False</UseMmapInSearch>
    <PartialNameSearch>True</PartialNameSearch>
    <InitiallyClearFileMask>True</InitiallyClearFileMask>
    <NewSearchClearFiltersAction>0</NewSearchClearFiltersAction>
    <ShowMenuBarInFindFiles>True</ShowMenuBarInFindFiles>
    <WipePassNumber>1</WipePassNumber>
    <DropReadOnlyFlag>False</DropReadOnlyFlag>
    <ProcessComments>False</ProcessComments>
    <RenameSelOnlyName>False</RenameSelOnlyName>
    <ShowCopyTabSelectPanel>False</ShowCopyTabSelectPanel>
    <UseTrash>True</UseTrash>
    <SkipFileOpError>False</SkipFileOpError>
    <TypeOfDuplicatedRename>0</TypeOfDuplicatedRename>
    <ShowDialogOnDragDrop>False</ShowDialogOnDragDrop>
    <DragAndDropTextRichtextDesireLevel>0</DragAndDropTextRichtextDesireLevel>
    <DragAndDropTextHtmlDesireLevel>1</DragAndDropTextHtmlDesireLevel>
    <DragAndDropTextUnicodeDesireLevel>2</DragAndDropTextUnicodeDesireLevel>
    <DragAndDropTextSimpletextDesireLevel>3</DragAndDropTextSimpletextDesireLevel>
    <DragAndDropAskFormatEachTime>False</DragAndDropAskFormatEachTime>
    <DragAndDropTextAutoFilename>False</DragAndDropTextAutoFilename>
    <DragAndDropSaveUnicodeTextInUFT8>True</DragAndDropSaveUnicodeTextInUFT8>
    <NtfsHourTimeDelay>False</NtfsHourTimeDelay>
    <AutoExtractOpenMask/>
    <SearchDefaultTemplate/>
    <ProgressKind>0</ProgressKind>
    <Confirmations>15</Confirmations>
    <Options>
      <Symlink>0</Symlink>
      <CorrectLinks>False</CorrectLinks>
      <FileExists>0</FileExists>
      <DirectoryExists>0</DirectoryExists>
      <SetPropertyError>0</SetPropertyError>
      <ReserveSpace>False</ReserveSpace>
      <CheckFreeSpace>True</CheckFreeSpace>
      <CopyAttributes>True</CopyAttributes>
      <Verify>False</Verify>
      <CopyTime>True</CopyTime>
      <CopyOwnership>False</CopyOwnership>
      <CopyPermissions>False</CopyPermissions>
      <ExcludeEmptyTemplateDirectories>True</ExcludeEmptyTemplateDirectories>
    </Options>
    <Extract>
      <Overwrite>False</Overwrite>
    </Extract>
  </FileOperations>
  <Log Enabled="False" LogFileWithDateInName="False">
    <FileName>%DC_CONFIG_PATH%/doublecmd.log</FileName>
    <Options>1023</Options>
  </Log>
  <History>
    <SearchReplaceHistory Save="True"/>
    <DirHistory Save="True"/>
    <CmdLineHistory Save="True"/>
    <FileMaskHistory Save="True"/>
  </History>
  <QuickSearch>
    <MatchBeginning>True</MatchBeginning>
    <MatchEnding>True</MatchEnding>
    <Case>1</Case>
    <Items>2</Items>
  </QuickSearch>
  <QuickFilter>
    <AutoHide>True</AutoHide>
    <SaveSessionModifications>False</SaveSessionModifications>
  </QuickFilter>
  <Miscellaneous>
    <GridVertLine>False</GridVertLine>
    <GridHorzLine>False</GridHorzLine>
    <ShowWarningMessages>True</ShowWarningMessages>
    <SpaceMovesDown>False</SpaceMovesDown>
    <DirBrackets>True</DirBrackets>
    <InplaceRename>False</InplaceRename>
    <InplaceRenameButton>False</InplaceRenameButton>
    <DblClickToParent>False</DblClickToParent>
    <HotDirAddTargetOrNot>False</HotDirAddTargetOrNot>
    <HotDirFullExpandOrNot>False</HotDirFullExpandOrNot>
    <ShowPathInPopup>False</ShowPathInPopup>
    <ShowOnlyValidEnv>True</ShowOnlyValidEnv>
    <WhereToAddNewHotDir>2</WhereToAddNewHotDir>
  </Miscellaneous>
  <Thumbnails Save="True">
    <Width>128</Width>
    <Height>128</Height>
  </Thumbnails>
  <Description>
    <CreateNewUnicode>True</CreateNewUnicode>
    <DefaultEncoding>2</DefaultEncoding>
    <CreateNewEncoding>3</CreateNewEncoding>
  </Description>
  <AutoRefresh>
    <Options>3</Options>
    <ExcludeDirs/>
    <Mode>1</Mode>
  </AutoRefresh>
  <Icons>
    <Theme>dctheme</Theme>
    <ShowHiddenDimmed>False</ShowHiddenDimmed>
    <ShowMode>3</ShowMode>
    <ShowOverlays>False</ShowOverlays>
    <Size>32</Size>
    <DiskSize>16</DiskSize>
    <DiskAlpha>50</DiskAlpha>
    <Exclude>False</Exclude>
    <ExcludeDirs/>
    <CustomIcons>0</CustomIcons>
    <PixelsPerInch>96</PixelsPerInch>
    <ShowInMenus Enabled="False">
      <Size>16</Size>
    </ShowInMenus>
    <ShowButtonGlyphs>0</ShowButtonGlyphs>
  </Icons>
  <IgnoreList Enabled="False">
    <IgnoreListFile>%DC_CONFIG_PATH%/ignorelist.txt</IgnoreListFile>
  </IgnoreList>
  <DirectoryHotList/>
  <Viewer>
    <PreviewVisible>False</PreviewVisible>
    <ImageStretch>False</ImageStretch>
    <ImageExifRotate>True</ImageExifRotate>
    <ImageStretchLargeOnly>False</ImageStretchLargeOnly>
    <ImageCenter>True</ImageCenter>
    <CopyMovePath1/>
    <CopyMovePath2/>
    <CopyMovePath3/>
    <CopyMovePath4/>
    <CopyMovePath5/>
    <PaintMode>0</PaintMode>
    <PaintWidth>5</PaintWidth>
    <NumberOfColumns>1</NumberOfColumns>
    <TabSpaces>8</TabSpaces>
    <MaxTextWidth>1024</MaxTextWidth>
    <ViewerMode>0</ViewerMode>
    <PaintColor>255</PaintColor>
    <BackgroundColor>0</BackgroundColor>
    <FontColor>16777215</FontColor>
    <TextPosition>0</TextPosition>
  </Viewer>
  <Editor>
    <EditWaitTime>2000</EditWaitTime>
    <SynEditOptions>856075</SynEditOptions>
    <SynEditTabWidth>8</SynEditTabWidth>
  </Editor>
  <SyncDirs>
    <Subdirs>False</Subdirs>
    <ByContent>False</ByContent>
    <Asymmetric Save="False">False</Asymmetric>
    <IgnoreDate>False</IgnoreDate>
    <FilterCopyRight>True</FilterCopyRight>
    <FilterEqual>True</FilterEqual>
    <FilterNotEqual>True</FilterNotEqual>
    <FilterCopyLeft>True</FilterCopyLeft>
    <FilterDuplicates>True</FilterDuplicates>
    <FilterSingles>True</FilterSingles>
    <FileMask>*</FileMask>
  </SyncDirs>
  <InternalAssociations>
    <OfferToAddNewFileType>False</OfferToAddNewFileType>
    <LastCustomAction>Custom action</LastCustomAction>
    <ExpandedContextMenu>False</ExpandedContextMenu>
    <ExecuteViaShell>False</ExecuteViaShell>
    <OpenSystemWithTerminalClose>False</OpenSystemWithTerminalClose>
    <OpenSystemWithTerminalStayOpen>False</OpenSystemWithTerminalStayOpen>
    <IncludeFileAssociation>False</IncludeFileAssociation>
  </InternalAssociations>
  <TreeViewMenu>
    <UseTVMDirectoryHotlistFMC>False</UseTVMDirectoryHotlistFMC>
    <UseTVMDirectoryHotlistFDC>False</UseTVMDirectoryHotlistFDC>
    <UseTVMFavoriteTabsFMC>False</UseTVMFavoriteTabsFMC>
    <UseTVMFavoriteTabsFDC>False</UseTVMFavoriteTabsFDC>
    <UseTVMDirHistory>False</UseTVMDirHistory>
    <UseTVMViewHistory>False</UseTVMViewHistory>
    <UseTVMCommandLineHistory>False</UseTVMCommandLineHistory>
    <TreeViewMenuShortcutExit>True</TreeViewMenuShortcutExit>
    <TreeViewMenuSingleClickExit>True</TreeViewMenuSingleClickExit>
    <TreeViewMenuDoubleClickExit>True</TreeViewMenuDoubleClickExit>
    <Context00>
      <CaseSensitive>False</CaseSensitive>
      <IgnoreAccents>True</IgnoreAccents>
      <ShowWholeBranchIfMatch>False</ShowWholeBranchIfMatch>
    </Context00>
    <Context01>
      <CaseSensitive>False</CaseSensitive>
      <IgnoreAccents>True</IgnoreAccents>
      <ShowWholeBranchIfMatch>False</ShowWholeBranchIfMatch>
    </Context01>
    <Context02>
      <CaseSensitive>False</CaseSensitive>
      <IgnoreAccents>True</IgnoreAccents>
      <ShowWholeBranchIfMatch>False</ShowWholeBranchIfMatch>
    </Context02>
    <Context03>
      <CaseSensitive>False</CaseSensitive>
      <IgnoreAccents>True</IgnoreAccents>
      <ShowWholeBranchIfMatch>False</ShowWholeBranchIfMatch>
    </Context03>
    <Context04>
      <CaseSensitive>False</CaseSensitive>
      <IgnoreAccents>True</IgnoreAccents>
      <ShowWholeBranchIfMatch>False</ShowWholeBranchIfMatch>
    </Context04>
    <Context05>
      <CaseSensitive>False</CaseSensitive>
      <IgnoreAccents>True</IgnoreAccents>
      <ShowWholeBranchIfMatch>False</ShowWholeBranchIfMatch>
    </Context05>
    <Context06>
      <CaseSensitive>False</CaseSensitive>
      <IgnoreAccents>True</IgnoreAccents>
      <ShowWholeBranchIfMatch>False</ShowWholeBranchIfMatch>
    </Context06>
    <TreeViewMenuUseKeyboardShortcut>True</TreeViewMenuUseKeyboardShortcut>
    <BackgroundColor>-2147483617</BackgroundColor>
    <ShortcutColor>255</ShortcutColor>
    <NormalTextColor>-2147483640</NormalTextColor>
    <SecondaryTextColor>-2147483642</SecondaryTextColor>
    <FoundTextColor>-2147483635</FoundTextColor>
    <UnselectableTextColor>-2147483631</UnselectableTextColor>
    <CursorColor>-2147483635</CursorColor>
    <ShortcutUnderCursor>-2147483634</ShortcutUnderCursor>
    <NormalTextUnderCursor>-2147483634</NormalTextUnderCursor>
    <SecondaryTextUnderCursor>-2147483628</SecondaryTextUnderCursor>
    <FoundTextUnderCursor>65535</FoundTextUnderCursor>
    <UnselectableUnderCursor>-2147483631</UnselectableUnderCursor>
  </TreeViewMenu>
  <FavoriteTabsOptions>
    <FavoriteTabsUseRestoreExtraOptions>False</FavoriteTabsUseRestoreExtraOptions>
    <WhereToAdd>1</WhereToAdd>
    <Expand>True</Expand>
    <GotoConfigAftSav>False</GotoConfigAftSav>
    <GotoConfigAftReSav>False</GotoConfigAftReSav>
    <DfltLeftGoTo>0</DfltLeftGoTo>
    <DfltRightGoTo>1</DfltRightGoTo>
    <DfltKeep>5</DfltKeep>
    <DfltSaveDirHistory>False</DfltSaveDirHistory>
    <FavTabsLastUniqueID>{58C6DFF3-30BE-3B81-31E0-837B41A3AC23}</FavTabsLastUniqueID>
  </FavoriteTabsOptions>
  <Lua>
    <PathToLibrary>liblua5.1.dylib</PathToLibrary>
  </Lua>
  <NameShortcutFile>shortcuts.scf</NameShortcutFile>
  <HotKeySortOrder>0</HotKeySortOrder>
  <UseEnterToCloseHotKeyEditor>True</UseEnterToCloseHotKeyEditor>
  <LastUsedPacker>zip</LastUsedPacker>
  <UseShellForFileOperations>False</UseShellForFileOperations>
  <LastDoAnyCommand>cm_Refresh</LastDoAnyCommand>
  <MarkMaskCaseSensitive>False</MarkMaskCaseSensitive>
  <MarkMaskIgnoreAccents>False</MarkMaskIgnoreAccents>
  <MarkMaskFilterWindows>False</MarkMaskFilterWindows>
  <MarkShowWantedAttribute>False</MarkShowWantedAttribute>
  <MarkDefaultWantedAttribute/>
  <MarkLastWantedAttribute/>
  <SearchTemplates/>
  <ColumnsSets DefaultTitleHash="540805403">
    <ColumnsSet UseFrameCursor="False">
      <Name>Default</Name>
      <CustomView>False</CustomView>
      <FileSystem>&lt;General&gt;</FileSystem>
      <PixelsPerInch>96</PixelsPerInch>
      <CursorBorder Enabled="False">
        <Color>0</Color>
      </CursorBorder>
      <Columns>
        <Column>
          <Title>Name</Title>
          <FuncString>[DC().GETFILENAMENOEXT{}]</FuncString>
          <Width>250</Width>
          <Align>0</Align>
          <Font>
            <Name>default</Name>
            <Size>10</Size>
            <Style>1</Style>
            <Quality>0</Quality>
          </Font>
          <TextColor>-2147483640</TextColor>
          <Background>-2147483643</Background>
          <Background2>-2147483643</Background2>
          <MarkColor>255</MarkColor>
          <CursorColor>-2147483635</CursorColor>
          <CursorText>-2147483634</CursorText>
          <InactiveCursorColor>-2147483645</InactiveCursorColor>
          <InactiveMarkColor>128</InactiveMarkColor>
          <UseInvertedSelection>False</UseInvertedSelection>
          <UseInactiveSelColor>False</UseInactiveSelColor>
          <Overcolor>True</Overcolor>
        </Column>
        <Column>
          <Title>Ext</Title>
          <FuncString>[DC().GETFILEEXT{}]</FuncString>
          <Width>50</Width>
          <Align>0</Align>
          <Font>
            <Name>default</Name>
            <Size>10</Size>
            <Style>1</Style>
            <Quality>0</Quality>
          </Font>
          <TextColor>-2147483640</TextColor>
          <Background>-2147483643</Background>
          <Background2>-2147483643</Background2>
          <MarkColor>255</MarkColor>
          <CursorColor>-2147483635</CursorColor>
          <CursorText>-2147483634</CursorText>
          <InactiveCursorColor>-2147483645</InactiveCursorColor>
          <InactiveMarkColor>128</InactiveMarkColor>
          <UseInvertedSelection>False</UseInvertedSelection>
          <UseInactiveSelColor>False</UseInactiveSelColor>
          <Overcolor>True</Overcolor>
        </Column>
        <Column>
          <Title>Size</Title>
          <FuncString>[DC().GETFILESIZE{}]</FuncString>
          <Width>70</Width>
          <Align>1</Align>
          <Font>
            <Name>default</Name>
            <Size>10</Size>
            <Style>1</Style>
            <Quality>0</Quality>
          </Font>
          <TextColor>-2147483640</TextColor>
          <Background>-2147483643</Background>
          <Background2>-2147483643</Background2>
          <MarkColor>255</MarkColor>
          <CursorColor>-2147483635</CursorColor>
          <CursorText>-2147483634</CursorText>
          <InactiveCursorColor>-2147483645</InactiveCursorColor>
          <InactiveMarkColor>128</InactiveMarkColor>
          <UseInvertedSelection>False</UseInvertedSelection>
          <UseInactiveSelColor>False</UseInactiveSelColor>
          <Overcolor>True</Overcolor>
        </Column>
        <Column>
          <Title>Date</Title>
          <FuncString>[DC().GETFILETIME{}]</FuncString>
          <Width>140</Width>
          <Align>1</Align>
          <Font>
            <Name>default</Name>
            <Size>10</Size>
            <Style>1</Style>
            <Quality>0</Quality>
          </Font>
          <TextColor>-2147483640</TextColor>
          <Background>-2147483643</Background>
          <Background2>-2147483643</Background2>
          <MarkColor>255</MarkColor>
          <CursorColor>-2147483635</CursorColor>
          <CursorText>-2147483634</CursorText>
          <InactiveCursorColor>-2147483645</InactiveCursorColor>
          <InactiveMarkColor>128</InactiveMarkColor>
          <UseInvertedSelection>False</UseInvertedSelection>
          <UseInactiveSelColor>False</UseInactiveSelColor>
          <Overcolor>True</Overcolor>
        </Column>
        <Column>
          <Title>Attr</Title>
          <FuncString>[DC().GETFILEATTR{}]</FuncString>
          <Width>100</Width>
          <Align>0</Align>
          <Font>
            <Name>default</Name>
            <Size>10</Size>
            <Style>1</Style>
            <Quality>0</Quality>
          </Font>
          <TextColor>-2147483640</TextColor>
          <Background>-2147483643</Background>
          <Background2>-2147483643</Background2>
          <MarkColor>255</MarkColor>
          <CursorColor>-2147483635</CursorColor>
          <CursorText>-2147483634</CursorText>
          <InactiveCursorColor>-2147483645</InactiveCursorColor>
          <InactiveMarkColor>128</InactiveMarkColor>
          <UseInvertedSelection>False</UseInvertedSelection>
          <UseInactiveSelColor>False</UseInactiveSelColor>
          <Overcolor>True</Overcolor>
        </Column>
      </Columns>
    </ColumnsSet>
  </ColumnsSets>
  <Plugins>
    <DsxPlugins/>
    <WcxPlugins>
      <WcxPlugin Enabled="True">
        <ArchiveExt>zip</ArchiveExt>
        <Path>%commander_path%/plugins/wcx/zip/zip.wcx</Path>
        <Flags>735</Flags>
      </WcxPlugin>
      <WcxPlugin Enabled="True">
        <ArchiveExt>jar</ArchiveExt>
        <Path>%commander_path%/plugins/wcx/zip/zip.wcx</Path>
        <Flags>990</Flags>
      </WcxPlugin>
      <WcxPlugin Enabled="True">
        <ArchiveExt>tar</ArchiveExt>
        <Path>%commander_path%/plugins/wcx/zip/zip.wcx</Path>
        <Flags>223</Flags>
      </WcxPlugin>
      <WcxPlugin Enabled="True">
        <ArchiveExt>bz2</ArchiveExt>
        <Path>%commander_path%/plugins/wcx/zip/zip.wcx</Path>
        <Flags>91</Flags>
      </WcxPlugin>
      <WcxPlugin Enabled="True">
        <ArchiveExt>tbz</ArchiveExt>
        <Path>%commander_path%/plugins/wcx/zip/zip.wcx</Path>
        <Flags>95</Flags>
      </WcxPlugin>
      <WcxPlugin Enabled="True">
        <ArchiveExt>gz</ArchiveExt>
        <Path>%commander_path%/plugins/wcx/zip/zip.wcx</Path>
        <Flags>91</Flags>
      </WcxPlugin>
      <WcxPlugin Enabled="True">
        <ArchiveExt>tgz</ArchiveExt>
        <Path>%commander_path%/plugins/wcx/zip/zip.wcx</Path>
        <Flags>95</Flags>
      </WcxPlugin>
      <WcxPlugin Enabled="True">
        <ArchiveExt>lzma</ArchiveExt>
        <Path>%commander_path%/plugins/wcx/zip/zip.wcx</Path>
        <Flags>1</Flags>
      </WcxPlugin>
      <WcxPlugin Enabled="True">
        <ArchiveExt>tlz</ArchiveExt>
        <Path>%commander_path%/plugins/wcx/zip/zip.wcx</Path>
        <Flags>95</Flags>
      </WcxPlugin>
      <WcxPlugin Enabled="True">
        <ArchiveExt>cpio</ArchiveExt>
        <Path>%commander_path%/plugins/wcx/cpio/cpio.wcx</Path>
        <Flags>4</Flags>
      </WcxPlugin>
      <WcxPlugin Enabled="True">
        <ArchiveExt>deb</ArchiveExt>
        <Path>%commander_path%/plugins/wcx/deb/deb.wcx</Path>
        <Flags>4</Flags>
      </WcxPlugin>
      <WcxPlugin Enabled="True">
        <ArchiveExt>rpm</ArchiveExt>
        <Path>%commander_path%/plugins/wcx/rpm/rpm.wcx</Path>
        <Flags>4</Flags>
      </WcxPlugin>
      <WcxPlugin Enabled="True">
        <ArchiveExt>rar</ArchiveExt>
        <Path>%commander_path%/plugins/wcx/unrar/unrar.wcx</Path>
        <Flags>68</Flags>
      </WcxPlugin>
    </WcxPlugins>
    <WdxPlugins>
      <WdxPlugin>
        <Name>deb_wdx</Name>
        <Path>%commander_path%/plugins/wdx/deb_wdx/deb_wdx.wdx</Path>
        <DetectString>EXT="DEB"</DetectString>
      </WdxPlugin>
      <WdxPlugin>
        <Name>rpm_wdx</Name>
        <Path>%commander_path%/plugins/wdx/rpm_wdx/rpm_wdx.wdx</Path>
        <DetectString>EXT="RPM"</DetectString>
      </WdxPlugin>
      <WdxPlugin>
        <Name>audioinfo</Name>
        <Path>/private/var/folders/vr/bbs031pd3tl7flqwd_t1ydwm0000gn/T/AppTranslocation/83DE4FA8-8E3F-4A93-A3A6-7C260651E3B2/d/Double Commander.app/Contents/MacOS/plugins/wdx/audioinfo/audioinfo.wdx</Path>
        <DetectString>(EXT="MP3") | (EXT="MP2") | (EXT="MP1") | (EXT="OGG") | (EXT="WMA") | (EXT="WAV") | (EXT="VQF") | (EXT="AAC") | (EXT="APE") | (EXT="MPC") | (EXT="FLAC") | (EXT="CDA") | (EXT="TTA") | (EXT="AC3") | (EXT="DTS") | (EXT="WV") | (EXT="WVC") | (EXT="OFR") | (EXT="OFS") | (EXT="M4A") | (EXT="MP4")</DetectString>
      </WdxPlugin>
    </WdxPlugins>
    <WfxPlugins>
      <WfxPlugin Enabled="True">
        <Name>FTP</Name>
        <Path>%commander_path%/plugins/wfx/ftp/ftp.wfx</Path>
      </WfxPlugin>
    </WfxPlugins>
    <WlxPlugins/>
    <TweakPluginWidth0>0</TweakPluginWidth0>
    <TweakPluginHeight0>0</TweakPluginHeight0>
    <TweakPluginWidth1>0</TweakPluginWidth1>
    <TweakPluginHeight1>0</TweakPluginHeight1>
    <TweakPluginWidth2>0</TweakPluginWidth2>
    <TweakPluginHeight2>0</TweakPluginHeight2>
    <TweakPluginWidth3>0</TweakPluginWidth3>
    <TweakPluginHeight3>0</TweakPluginHeight3>
    <TweakPluginWidth4>0</TweakPluginWidth4>
    <TweakPluginHeight4>0</TweakPluginHeight4>
    <AutoTweak>False</AutoTweak>
    <WCXConfigViewMode>0</WCXConfigViewMode>
    <PluginFilenameStyle>0</PluginFilenameStyle>
    <PluginPathToBeRelativeTo>%COMMANDER_PATH%</PluginPathToBeRelativeTo>
  </Plugins>
</doublecmd>
