<code_scheme name="Default" version="173">
  <Python>
    <option name="BLANK_LINE_AT_FILE_END" value="false" />
    <option name="NEW_LINE_AFTER_COLON_MULTI_CLAUSE" value="false" />
    <option name="DICT_ALIGNMENT" value="1" />
    <option name="OPTIMIZE_IMPORTS_SORT_NAMES_IN_FROM_IMPORTS" value="true" />
    <option name="OPTIMIZE_IMPORTS_JOIN_FROM_IMPORTS_WITH_SAME_SOURCE" value="true" />
    <option name="FROM_IMPORT_PARENTHESES_FORCE_IF_MULTILINE" value="true" />
  </Python>
  <codeStyleSettings language="Python">
    <indentOptions>
      <option name="USE_TAB_CHARACTER" value="true" />
    </indentOptions>
  </codeStyleSettings>
</code_scheme>